"SA2_MAIN","SA2_NAME","variable","value"
102011028,"Avoca Beach - Copacabana","German",53
102011028,"Avoca Beach - Copacabana","Italian",29
102011028,"Avoca Beach - Copacabana","French",20
102011028,"Avoca Beach - Copacabana","Spanish",18
102011028,"Avoca Beach - Copacabana","Japanese",16
102011028,"Avoca Beach - Copacabana","Dutch",11
102011029,"Box Head - MacMasters Beach","Italian",48
102011029,"Box Head - MacMasters Beach","German",39
102011029,"Box Head - MacMasters Beach","Spanish",24
102011029,"Box Head - MacMasters Beach","French",20
102011029,"Box Head - MacMasters Beach","Greek",13
102011029,"Box Head - MacMasters Beach","Mandarin",11
102011030,"Calga - Kulnura","Greek",93
102011030,"Calga - Kulnura","Italian",72
102011030,"Calga - Kulnura","Maltese",40
102011030,"Calga - Kulnura","Arabic",18
102011030,"Calga - Kulnura","Cantonese",13
102011030,"Calga - Kulnura","German",10
102011031,"Erina - Green Point","Spanish",66
102011031,"Erina - Green Point","German",55
102011031,"Erina - Green Point","Cantonese",51
102011031,"Erina - Green Point","Mandarin",50
102011031,"Erina - Green Point","Italian",48
102011031,"Erina - Green Point","Dutch",35
102011032,"Gosford - Springfield","Mandarin",169
102011032,"Gosford - Springfield","Korean",113
102011032,"Gosford - Springfield","Cantonese",108
102011032,"Gosford - Springfield","Spanish",101
102011032,"Gosford - Springfield","German",58
102011032,"Gosford - Springfield","Italian",58
102011033,"Kariong","Arabic",39
102011033,"Kariong","Spanish",35
102011033,"Kariong","Italian",26
102011033,"Kariong","Greek",23
102011033,"Kariong","Cantonese",18
102011033,"Kariong","German",18
102011034,"Kincumber - Picketts Valley","Spanish",26
102011034,"Kincumber - Picketts Valley","Italian",15
102011034,"Kincumber - Picketts Valley","Cantonese",14
102011034,"Kincumber - Picketts Valley","Dutch",14
102011034,"Kincumber - Picketts Valley","Indonesian",10
102011034,"Kincumber - Picketts Valley","Filipino",9
102011035,"Narara","Spanish",39
102011035,"Narara","Cantonese",29
102011035,"Narara","Korean",25
102011035,"Narara","Mandarin",24
102011035,"Narara","Tagalog",21
102011035,"Narara","German",18
102011036,"Niagara Park - Lisarow","German",22
102011036,"Niagara Park - Lisarow","Italian",21
102011036,"Niagara Park - Lisarow","Greek",20
102011036,"Niagara Park - Lisarow","Spanish",19
102011036,"Niagara Park - Lisarow","Mandarin",18
102011036,"Niagara Park - Lisarow","Dutch",15
102011037,"Point Clare - Koolewong","German",39
102011037,"Point Clare - Koolewong","Cantonese",32
102011037,"Point Clare - Koolewong","Mandarin",31
102011037,"Point Clare - Koolewong","Italian",18
102011037,"Point Clare - Koolewong","Spanish",17
102011037,"Point Clare - Koolewong","Portuguese",16
102011038,"Saratoga - Davistown","German",21
102011038,"Saratoga - Davistown","Italian",20
102011038,"Saratoga - Davistown","Dutch",13
102011038,"Saratoga - Davistown","Maltese",10
102011038,"Saratoga - Davistown","Spanish",10
102011038,"Saratoga - Davistown","French",9
102011039,"Terrigal - North Avoca","Italian",76
102011039,"Terrigal - North Avoca","Spanish",58
102011039,"Terrigal - North Avoca","Greek",52
102011039,"Terrigal - North Avoca","German",41
102011039,"Terrigal - North Avoca","Dutch",38
102011039,"Terrigal - North Avoca","French",35
102011040,"Umina - Booker Bay - Patonga","Spanish",88
102011040,"Umina - Booker Bay - Patonga","German",83
102011040,"Umina - Booker Bay - Patonga","Italian",80
102011040,"Umina - Booker Bay - Patonga","Cantonese",59
102011040,"Umina - Booker Bay - Patonga","Greek",49
102011040,"Umina - Booker Bay - Patonga","Russian",40
102011041,"Wamberal - Forresters Beach","German",42
102011041,"Wamberal - Forresters Beach","Italian",35
102011041,"Wamberal - Forresters Beach","Spanish",32
102011041,"Wamberal - Forresters Beach","French",26
102011041,"Wamberal - Forresters Beach","Greek",23
102011041,"Wamberal - Forresters Beach","Arabic",19
102011042,"Woy Woy - Blackwall","Spanish",78
102011042,"Woy Woy - Blackwall","German",47
102011042,"Woy Woy - Blackwall","French",43
102011042,"Woy Woy - Blackwall","Mandarin",42
102011042,"Woy Woy - Blackwall","Cantonese",39
102011042,"Woy Woy - Blackwall","Greek",38
102011043,"Wyoming","German",44
102011043,"Wyoming","Italian",40
102011043,"Wyoming","Spanish",40
102011043,"Wyoming","Mandarin",33
102011043,"Wyoming","Tagalog",30
102011043,"Wyoming","Dutch",27
102021044,"Bateau Bay - Killarney Vale","Italian",79
102021044,"Bateau Bay - Killarney Vale","Greek",62
102021044,"Bateau Bay - Killarney Vale","Spanish",43
102021044,"Bateau Bay - Killarney Vale","Cantonese",38
102021044,"Bateau Bay - Killarney Vale","Dutch",35
102021044,"Bateau Bay - Killarney Vale","German",33
103011061,"Oberon","German",11
103011061,"Oberon","Italian",10
103011061,"Oberon","Russian",7
103011061,"Oberon","Greek",6
103011061,"Oberon","Punjabi",6
103011061,"Oberon","Khmer",6
103031070,"Lithgow","Cantonese",42
103031070,"Lithgow","German",27
103031070,"Lithgow","Italian",25
103031070,"Lithgow","Tagalog",22
103031070,"Lithgow","Arabic",20
103031070,"Lithgow","Dutch",20
103031071,"Lithgow Region","German",27
103031071,"Lithgow Region","Italian",26
103031071,"Lithgow Region","Spanish",17
103031071,"Lithgow Region","Croatian",16
103031071,"Lithgow Region","Dutch",8
103031071,"Lithgow Region","Hungarian",8
103031075,"Wollangambe - Wollemi","Arabic",0
103031075,"Wollangambe - Wollemi","Assyrian",0
103031075,"Wollangambe - Wollemi","Aboriginal",0
103031075,"Wollangambe - Wollemi","Cantonese",0
103031075,"Wollangambe - Wollemi","Mandarin",0
103031075,"Wollangambe - Wollemi","Other Chinese",0
107041147,"Helensburgh","Spanish",38
107041147,"Helensburgh","German",35
107041147,"Helensburgh","Italian",29
107041147,"Helensburgh","Dutch",22
107041147,"Helensburgh","Greek",15
107041147,"Helensburgh","Japanese",14
115011290,"Baulkham Hills (East)","Mandarin",1033
115011290,"Baulkham Hills (East)","Cantonese",796
115011290,"Baulkham Hills (East)","Korean",583
115011290,"Baulkham Hills (East)","Arabic",362
115011290,"Baulkham Hills (East)","Hindi",275
115011290,"Baulkham Hills (East)","Persian",241
115011291,"Baulkham Hills (West) - Bella Vista","Cantonese",787
115011291,"Baulkham Hills (West) - Bella Vista","Mandarin",626
115011291,"Baulkham Hills (West) - Bella Vista","Hindi",450
115011291,"Baulkham Hills (West) - Bella Vista","Tamil",412
115011291,"Baulkham Hills (West) - Bella Vista","Arabic",341
115011291,"Baulkham Hills (West) - Bella Vista","Korean",300
115011292,"Castle Hill","Mandarin",1123
115011292,"Castle Hill","Cantonese",983
115011292,"Castle Hill","Korean",750
115011292,"Castle Hill","Arabic",481
115011292,"Castle Hill","Persian",339
115011292,"Castle Hill","Italian",308
115011293,"Cherrybrook","Cantonese",1673
115011293,"Cherrybrook","Mandarin",1091
115011293,"Cherrybrook","Korean",560
115011293,"Cherrybrook","Hindi",520
115011293,"Cherrybrook","Sinhalese",468
115011293,"Cherrybrook","Tamil",377
115011294,"Glenhaven","Italian",81
115011294,"Glenhaven","Cantonese",63
115011294,"Glenhaven","Arabic",54
115011294,"Glenhaven","Persian",37
115011294,"Glenhaven","Spanish",36
115011294,"Glenhaven","Mandarin",35
115011295,"Kellyville","Cantonese",660
115011295,"Kellyville","Mandarin",512
115011295,"Kellyville","Arabic",484
115011295,"Kellyville","Hindi",407
115011295,"Kellyville","Italian",354
115011295,"Kellyville","Persian",346
115011296,"West Pennant Hills","Cantonese",1150
115011296,"West Pennant Hills","Mandarin",563
115011296,"West Pennant Hills","Korean",271
115011296,"West Pennant Hills","Hindi",236
115011296,"West Pennant Hills","Arabic",207
115011296,"West Pennant Hills","Sinhalese",172
115021297,"Dural - Kenthurst - Wisemans Ferry","Italian",589
115021297,"Dural - Kenthurst - Wisemans Ferry","Arabic",554
115021297,"Dural - Kenthurst - Wisemans Ferry","Cantonese",280
115021297,"Dural - Kenthurst - Wisemans Ferry","Mandarin",184
115021297,"Dural - Kenthurst - Wisemans Ferry","Spanish",98
115021297,"Dural - Kenthurst - Wisemans Ferry","Persian",94
115021298,"Galston - Laughtondale","Italian",94
115021298,"Galston - Laughtondale","Arabic",55
115021298,"Galston - Laughtondale","German",34
115021298,"Galston - Laughtondale","Dutch",22
115021298,"Galston - Laughtondale","Cantonese",18
115021298,"Galston - Laughtondale","Mandarin",18
115031299,"Bilpin - Colo - St Albans","German",18
115031299,"Bilpin - Colo - St Albans","Spanish",14
115031299,"Bilpin - Colo - St Albans","Serbian",10
115031299,"Bilpin - Colo - St Albans","Italian",9
115031299,"Bilpin - Colo - St Albans","Hungarian",7
115031299,"Bilpin - Colo - St Albans","Dutch",5
115031300,"Kurrajong Heights - Ebenezer","Maltese",187
115031300,"Kurrajong Heights - Ebenezer","Italian",121
115031300,"Kurrajong Heights - Ebenezer","German",67
115031300,"Kurrajong Heights - Ebenezer","Dutch",42
115031300,"Kurrajong Heights - Ebenezer","Arabic",39
115031300,"Kurrajong Heights - Ebenezer","Greek",36
115041301,"Pitt Town - McGraths Hill","Maltese",173
115041301,"Pitt Town - McGraths Hill","Italian",73
115041301,"Pitt Town - McGraths Hill","Cantonese",64
115041301,"Pitt Town - McGraths Hill","Arabic",57
115041301,"Pitt Town - McGraths Hill","Croatian",45
115041301,"Pitt Town - McGraths Hill","Mandarin",36
115041302,"Rouse Hill - Beaumont Hills","Tagalog",334
115041302,"Rouse Hill - Beaumont Hills","Italian",292
115041302,"Rouse Hill - Beaumont Hills","Arabic",289
115041302,"Rouse Hill - Beaumont Hills","Hindi",283
115041302,"Rouse Hill - Beaumont Hills","Mandarin",264
115041302,"Rouse Hill - Beaumont Hills","Cantonese",245
116011303,"Blacktown (East) - Kings Park","Punjabi",1050
116011303,"Blacktown (East) - Kings Park","Hindi",719
116011303,"Blacktown (East) - Kings Park","Arabic",685
116011303,"Blacktown (East) - Kings Park","Other Indian",424
116011303,"Blacktown (East) - Kings Park","Tagalog",351
116011303,"Blacktown (East) - Kings Park","Mandarin",306
116011304,"Blacktown (North) - Marayong","Tagalog",610
116011304,"Blacktown (North) - Marayong","Arabic",585
116011304,"Blacktown (North) - Marayong","Punjabi",506
116011304,"Blacktown (North) - Marayong","Hindi",423
116011304,"Blacktown (North) - Marayong","Filipino",365
116011304,"Blacktown (North) - Marayong","Polish",264
116011305,"Blacktown (South)","Arabic",1364
116011305,"Blacktown (South)","Hindi",1157
116011305,"Blacktown (South)","Tagalog",867
116011305,"Blacktown (South)","Punjabi",689
116011305,"Blacktown (South)","Other Indian",493
116011305,"Blacktown (South)","Mandarin",482
116011306,"Doonside - Woodcroft","Tagalog",1551
116011306,"Doonside - Woodcroft","Hindi",994
116011306,"Doonside - Woodcroft","Filipino",842
116011306,"Doonside - Woodcroft","Arabic",742
116011306,"Doonside - Woodcroft","Punjabi",481
116011306,"Doonside - Woodcroft","Cantonese",272
116011307,"Lalor Park - Kings Langley","Arabic",554
116011307,"Lalor Park - Kings Langley","Hindi",366
116011307,"Lalor Park - Kings Langley","Cantonese",297
116011307,"Lalor Park - Kings Langley","Mandarin",288
116011307,"Lalor Park - Kings Langley","Punjabi",274
116011307,"Lalor Park - Kings Langley","Tamil",242
116011308,"Seven Hills - Toongabbie","Tamil",1134
116011308,"Seven Hills - Toongabbie","Hindi",802
116011308,"Seven Hills - Toongabbie","Arabic",792
116011308,"Seven Hills - Toongabbie","Cantonese",527
116011308,"Seven Hills - Toongabbie","Punjabi",424
116011308,"Seven Hills - Toongabbie","Other Indian",413
116021309,"Glenwood","Punjabi",1023
116021309,"Glenwood","Hindi",822
116021309,"Glenwood","Tagalog",468
116021309,"Glenwood","Arabic",346
116021309,"Glenwood","Sinhalese",301
116021309,"Glenwood","Mandarin",291
116021310,"Parklea - Kellyville Ridge","Hindi",1111
116021310,"Parklea - Kellyville Ridge","Punjabi",707
116021310,"Parklea - Kellyville Ridge","Tagalog",668
116021310,"Parklea - Kellyville Ridge","Filipino",415
116021310,"Parklea - Kellyville Ridge","Other Indian",399
116021310,"Parklea - Kellyville Ridge","Persian",318
116021311,"Quakers Hill - Acacia Gardens","Tagalog",993
116021311,"Quakers Hill - Acacia Gardens","Hindi",925
116021311,"Quakers Hill - Acacia Gardens","Punjabi",901
116021311,"Quakers Hill - Acacia Gardens","Other Indian",549
116021311,"Quakers Hill - Acacia Gardens","Filipino",413
116021311,"Quakers Hill - Acacia Gardens","Sinhalese",375
116021312,"Riverstone - Marsden Park","Maltese",459
116021312,"Riverstone - Marsden Park","Italian",184
116021312,"Riverstone - Marsden Park","Cantonese",124
116021312,"Riverstone - Marsden Park","Arabic",65
116021312,"Riverstone - Marsden Park","Croatian",59
116021312,"Riverstone - Marsden Park","Greek",55
116031313,"Bidwill - Hebersham - Emerton","Samoan",843
116031313,"Bidwill - Hebersham - Emerton","Arabic",639
116031313,"Bidwill - Hebersham - Emerton","Hindi",411
116031313,"Bidwill - Hebersham - Emerton","Tagalog",285
116031313,"Bidwill - Hebersham - Emerton","Spanish",257
116031313,"Bidwill - Hebersham - Emerton","Urdu",224
116031314,"Glendenning Dean Park","Tagalog",602
116031314,"Glendenning Dean Park","Punjabi",339
116031314,"Glendenning Dean Park","Filipino",299
116031314,"Glendenning Dean Park","Hindi",292
116031314,"Glendenning Dean Park","Arabic",281
116031314,"Glendenning Dean Park","Hungarian",119
116031315,"Hassall Grove - Plumpton","Tagalog",1854
116031315,"Hassall Grove - Plumpton","Hindi",1167
116031315,"Hassall Grove - Plumpton","Filipino",841
116031315,"Hassall Grove - Plumpton","Arabic",755
116031315,"Hassall Grove - Plumpton","Urdu",530
116031315,"Hassall Grove - Plumpton","Samoan",352
116031316,"Lethbridge Park - Tregear","Samoan",817
116031316,"Lethbridge Park - Tregear","Arabic",314
116031316,"Lethbridge Park - Tregear","Hindi",167
116031316,"Lethbridge Park - Tregear","Tagalog",129
116031316,"Lethbridge Park - Tregear","Filipino",111
116031316,"Lethbridge Park - Tregear","Spanish",109
116031317,"Mount Druitt - Whalan","Arabic",1452
116031317,"Mount Druitt - Whalan","Tagalog",1333
116031317,"Mount Druitt - Whalan","Urdu",984
116031317,"Mount Druitt - Whalan","Hindi",731
116031317,"Mount Druitt - Whalan","Filipino",687
116031317,"Mount Druitt - Whalan","Assyrian",630
116031318,"Prospect Reservoir","Japanese",3
116031318,"Prospect Reservoir","Tamil",3
116031318,"Prospect Reservoir","Arabic",0
116031318,"Prospect Reservoir","Assyrian",0
116031318,"Prospect Reservoir","Aboriginal",0
116031318,"Prospect Reservoir","Cantonese",0
116031319,"Rooty Hill - Minchinbury","Tagalog",1746
116031319,"Rooty Hill - Minchinbury","Filipino",992
116031319,"Rooty Hill - Minchinbury","Hindi",764
116031319,"Rooty Hill - Minchinbury","Arabic",595
116031319,"Rooty Hill - Minchinbury","Urdu",343
116031319,"Rooty Hill - Minchinbury","Spanish",293
117011320,"Banksmeadow","Turkish",3
117011320,"Banksmeadow","Arabic",0
117011320,"Banksmeadow","Assyrian",0
117011320,"Banksmeadow","Aboriginal",0
117011320,"Banksmeadow","Cantonese",0
117011320,"Banksmeadow","Mandarin",0
117011321,"Botany","Greek",222
117011321,"Botany","Spanish",193
117011321,"Botany","Italian",128
117011321,"Botany","Indonesian",125
117011321,"Botany","Cantonese",124
117011321,"Botany","Croatian",116
117011322,"Mascot - Eastlakes","Greek",1510
117011322,"Mascot - Eastlakes","Bengali",891
117011322,"Mascot - Eastlakes","Indonesian",890
117011322,"Mascot - Eastlakes","Mandarin",781
117011322,"Mascot - Eastlakes","Cantonese",678
117011322,"Mascot - Eastlakes","Spanish",671
117011323,"Pagewood - Hillsdale - Daceyville","Greek",548
117011323,"Pagewood - Hillsdale - Daceyville","Bengali",477
117011323,"Pagewood - Hillsdale - Daceyville","Spanish",385
117011323,"Pagewood - Hillsdale - Daceyville","Cantonese",367
117011323,"Pagewood - Hillsdale - Daceyville","Mandarin",310
117011323,"Pagewood - Hillsdale - Daceyville","Arabic",244
117011324,"Port Botany Industrial","Arabic",0
117011324,"Port Botany Industrial","Assyrian",0
117011324,"Port Botany Industrial","Aboriginal",0
117011324,"Port Botany Industrial","Cantonese",0
117011324,"Port Botany Industrial","Mandarin",0
117011324,"Port Botany Industrial","Other Chinese",0
117011325,"Sydney Airport","Italian",3
117011325,"Sydney Airport","Arabic",0
117011325,"Sydney Airport","Assyrian",0
117011325,"Sydney Airport","Aboriginal",0
117011325,"Sydney Airport","Cantonese",0
117011325,"Sydney Airport","Mandarin",0
117021326,"Marrickville","Greek",2222
117021326,"Marrickville","Vietnamese",1981
117021326,"Marrickville","Arabic",1024
117021326,"Marrickville","Portuguese",567
117021326,"Marrickville","Cantonese",519
117021326,"Marrickville","Other Indian",476
117021327,"Petersham - Stanmore","Greek",624
117021327,"Petersham - Stanmore","Portuguese",440
117021327,"Petersham - Stanmore","Italian",404
117021327,"Petersham - Stanmore","Spanish",332
117021327,"Petersham - Stanmore","Mandarin",238
117021327,"Petersham - Stanmore","Vietnamese",220
117021328,"Sydenham - Tempe - St Peters","Greek",249
117021328,"Sydenham - Tempe - St Peters","Macedonian",246
117021328,"Sydenham - Tempe - St Peters","Cantonese",233
117021328,"Sydenham - Tempe - St Peters","Vietnamese",187
117021328,"Sydenham - Tempe - St Peters","Other Indian",90
117021328,"Sydenham - Tempe - St Peters","Italian",86
117031329,"Darlinghurst","Thai",179
117031329,"Darlinghurst","Spanish",154
117031329,"Darlinghurst","French",138
117031329,"Darlinghurst","Italian",115
117031329,"Darlinghurst","Cantonese",113
117031329,"Darlinghurst","Mandarin",108
117031330,"Erskineville - Alexandria","Cantonese",254
117031330,"Erskineville - Alexandria","Mandarin",210
117031330,"Erskineville - Alexandria","Spanish",176
117031330,"Erskineville - Alexandria","Greek",132
117031330,"Erskineville - Alexandria","Vietnamese",120
117031330,"Erskineville - Alexandria","Indonesian",108
117031331,"Glebe - Forest Lodge","Mandarin",469
117031331,"Glebe - Forest Lodge","Vietnamese",343
117031331,"Glebe - Forest Lodge","Cantonese",296
117031331,"Glebe - Forest Lodge","Spanish",216
117031331,"Glebe - Forest Lodge","Greek",190
117031331,"Glebe - Forest Lodge","Italian",143
117031332,"Newtown - Camperdown - Darlington","Mandarin",447
117031332,"Newtown - Camperdown - Darlington","Greek",316
117031332,"Newtown - Camperdown - Darlington","Cantonese",299
117031332,"Newtown - Camperdown - Darlington","Spanish",237
117031332,"Newtown - Camperdown - Darlington","Thai",212
117031332,"Newtown - Camperdown - Darlington","French",178
117031333,"Potts Point - Woolloomooloo","French",308
117031333,"Potts Point - Woolloomooloo","Spanish",295
117031333,"Potts Point - Woolloomooloo","Italian",213
117031333,"Potts Point - Woolloomooloo","German",180
117031333,"Potts Point - Woolloomooloo","Mandarin",179
117031333,"Potts Point - Woolloomooloo","Thai",149
117031334,"Pyrmont - Ultimo","Mandarin",1878
117031334,"Pyrmont - Ultimo","Cantonese",1263
117031334,"Pyrmont - Ultimo","Korean",481
117031334,"Pyrmont - Ultimo","Thai",375
117031334,"Pyrmont - Ultimo","Indonesian",358
117031334,"Pyrmont - Ultimo","Japanese",302
117031335,"Redfern - Chippendale","Mandarin",779
117031335,"Redfern - Chippendale","Cantonese",453
117031335,"Redfern - Chippendale","Russian",272
117031335,"Redfern - Chippendale","Greek",270
117031335,"Redfern - Chippendale","Arabic",238
117031335,"Redfern - Chippendale","Spanish",228
117031336,"Surry Hills","Cantonese",451
117031336,"Surry Hills","Mandarin",357
117031336,"Surry Hills","Thai",332
117031336,"Surry Hills","Greek",213
117031336,"Surry Hills","French",201
117031336,"Surry Hills","Spanish",181
117031337,"Sydney - Haymarket - The Rocks","Mandarin",2742
117031337,"Sydney - Haymarket - The Rocks","Thai",1755
117031337,"Sydney - Haymarket - The Rocks","Indonesian",1654
117031337,"Sydney - Haymarket - The Rocks","Cantonese",1406
117031337,"Sydney - Haymarket - The Rocks","Korean",1155
117031337,"Sydney - Haymarket - The Rocks","Other Chinese",374
117031338,"Waterloo - Beaconsfield","Mandarin",1613
117031338,"Waterloo - Beaconsfield","Cantonese",847
117031338,"Waterloo - Beaconsfield","Russian",825
117031338,"Waterloo - Beaconsfield","Greek",814
117031338,"Waterloo - Beaconsfield","Indonesian",501
117031338,"Waterloo - Beaconsfield","Arabic",457
118011339,"Bondi - Tamarama - Bronte","Russian",464
118011339,"Bondi - Tamarama - Bronte","Italian",248
118011339,"Bondi - Tamarama - Bronte","French",245
118011339,"Bondi - Tamarama - Bronte","Spanish",234
118011339,"Bondi - Tamarama - Bronte","Greek",220
118011339,"Bondi - Tamarama - Bronte","Portuguese",210
118011340,"Bondi Beach - North Bondi","Russian",391
118011340,"Bondi Beach - North Bondi","Spanish",306
118011340,"Bondi Beach - North Bondi","French",274
118011340,"Bondi Beach - North Bondi","German",263
118011340,"Bondi Beach - North Bondi","Italian",244
118011340,"Bondi Beach - North Bondi","Greek",204
118011341,"Bondi Junction - Waverly","Russian",369
118011341,"Bondi Junction - Waverly","Italian",253
118011341,"Bondi Junction - Waverly","Spanish",205
118011341,"Bondi Junction - Waverly","Mandarin",201
118011341,"Bondi Junction - Waverly","Greek",196
118011341,"Bondi Junction - Waverly","Cantonese",184
118011342,"Centennial Park","Arabic",0
118011342,"Centennial Park","Assyrian",0
118011342,"Centennial Park","Aboriginal",0
118011342,"Centennial Park","Cantonese",0
118011342,"Centennial Park","Mandarin",0
118011342,"Centennial Park","Other Chinese",0
118011343,"Double Bay - Bellevue Hill","Cantonese",325
118011343,"Double Bay - Bellevue Hill","French",259
118011343,"Double Bay - Bellevue Hill","Greek",248
118011343,"Double Bay - Bellevue Hill","Mandarin",239
118011343,"Double Bay - Bellevue Hill","Italian",227
118011343,"Double Bay - Bellevue Hill","Hungarian",223
118011344,"Dover Heights","Russian",400
118011344,"Dover Heights","Greek",180
118011344,"Dover Heights","Mandarin",126
118011344,"Dover Heights","Italian",123
118011344,"Dover Heights","Hungarian",118
118011344,"Dover Heights","French",116
118011345,"Paddington - Moore Park","French",203
118011345,"Paddington - Moore Park","Greek",180
118011345,"Paddington - Moore Park","Italian",147
118011345,"Paddington - Moore Park","Spanish",146
118011345,"Paddington - Moore Park","German",92
118011345,"Paddington - Moore Park","Cantonese",90
118011346,"Rose Bay - Vaucluse - Watsons Bay","Greek",269
118011346,"Rose Bay - Vaucluse - Watsons Bay","Cantonese",165
118011346,"Rose Bay - Vaucluse - Watsons Bay","Russian",140
118011346,"Rose Bay - Vaucluse - Watsons Bay","Italian",126
118011346,"Rose Bay - Vaucluse - Watsons Bay","Mandarin",123
118011346,"Rose Bay - Vaucluse - Watsons Bay","French",100
118011347,"Woollahra","Italian",81
118011347,"Woollahra","Greek",74
118011347,"Woollahra","French",58
118011347,"Woollahra","Mandarin",55
118011347,"Woollahra","Spanish",51
118011347,"Woollahra","Cantonese",47
118021348,"Coogee - Clovelly","Greek",476
118021348,"Coogee - Clovelly","French",332
118021348,"Coogee - Clovelly","Spanish",294
118021348,"Coogee - Clovelly","Russian",270
118021348,"Coogee - Clovelly","German",241
118021348,"Coogee - Clovelly","Italian",223
118021349,"Kensington - Kingsford","Mandarin",3268
118021349,"Kensington - Kingsford","Greek",1665
118021349,"Kensington - Kingsford","Cantonese",1595
118021349,"Kensington - Kingsford","Indonesian",1037
118021349,"Kensington - Kingsford","Spanish",424
118021349,"Kensington - Kingsford","Other Chinese",388
118021350,"Malabar - La Perouse - Chifley","Cantonese",651
118021350,"Malabar - La Perouse - Chifley","Greek",574
118021350,"Malabar - La Perouse - Chifley","Mandarin",446
118021350,"Malabar - La Perouse - Chifley","Spanish",362
118021350,"Malabar - La Perouse - Chifley","Italian",331
118021350,"Malabar - La Perouse - Chifley","Arabic",222
118021351,"Maroubra","Greek",1679
118021351,"Maroubra","Cantonese",1571
118021351,"Maroubra","Mandarin",1340
118021351,"Maroubra","Indonesian",1003
118021351,"Maroubra","Russian",584
118021351,"Maroubra","Spanish",503
118021352,"Randwick","Mandarin",924
118021352,"Randwick","Greek",555
118021352,"Randwick","Russian",493
118021352,"Randwick","Cantonese",416
118021352,"Randwick","Spanish",387
118021352,"Randwick","Italian",329
119011353,"Bankstown","Arabic",7236
119011353,"Bankstown","Vietnamese",5315
119011353,"Bankstown","Mandarin",1436
119011353,"Bankstown","Cantonese",1102
119011353,"Bankstown","Greek",1028
119011353,"Bankstown","Macedonian",919
119011354,"Bass Hill - Georges Hall","Arabic",4180
119011354,"Bass Hill - Georges Hall","Vietnamese",1740
119011354,"Bass Hill - Georges Hall","Greek",744
119011354,"Bass Hill - Georges Hall","Italian",560
119011354,"Bass Hill - Georges Hall","Macedonian",381
119011354,"Bass Hill - Georges Hall","Cantonese",345
119011355,"Chullora","Arabic",0
119011355,"Chullora","Assyrian",0
119011355,"Chullora","Aboriginal",0
119011355,"Chullora","Cantonese",0
119011355,"Chullora","Mandarin",0
119011355,"Chullora","Other Chinese",0
119011356,"Condell Park","Arabic",2773
119011356,"Condell Park","Vietnamese",1233
119011356,"Condell Park","Greek",598
119011356,"Condell Park","Italian",317
119011356,"Condell Park","Macedonian",287
119011356,"Condell Park","Cantonese",151
119011357,"Greenacre - Mount Lewis","Arabic",10272
119011357,"Greenacre - Mount Lewis","Greek",1033
119011357,"Greenacre - Mount Lewis","Vietnamese",758
119011357,"Greenacre - Mount Lewis","Italian",598
119011357,"Greenacre - Mount Lewis","Korean",572
119011357,"Greenacre - Mount Lewis","Cantonese",462
119011358,"Padstow","Arabic",929
119011358,"Padstow","Cantonese",833
119011358,"Padstow","Greek",732
119011358,"Padstow","Mandarin",556
119011358,"Padstow","Vietnamese",553
119011358,"Padstow","Macedonian",307
119011359,"Panania - Milperra - Picnic Point","Arabic",1124
119011359,"Panania - Milperra - Picnic Point","Greek",850
119011359,"Panania - Milperra - Picnic Point","Vietnamese",534
119011359,"Panania - Milperra - Picnic Point","Cantonese",475
119011359,"Panania - Milperra - Picnic Point","Macedonian",299
119011359,"Panania - Milperra - Picnic Point","Mandarin",291
119011360,"Revesby","Arabic",1271
119011360,"Revesby","Vietnamese",783
119011360,"Revesby","Greek",574
119011360,"Revesby","Cantonese",543
119011360,"Revesby","Mandarin",441
119011360,"Revesby","Italian",195
119011361,"Yagoona - Birrong","Arabic",4425
119011361,"Yagoona - Birrong","Vietnamese",2980
119011361,"Yagoona - Birrong","Macedonian",768
119011361,"Yagoona - Birrong","Cantonese",718
119011361,"Yagoona - Birrong","Greek",428
119011361,"Yagoona - Birrong","Mandarin",293
119021362,"Belmore - Belfield","Arabic",2620
119021362,"Belmore - Belfield","Greek",2267
119021362,"Belmore - Belfield","Korean",959
119021362,"Belmore - Belfield","Cantonese",799
119021362,"Belmore - Belfield","Italian",749
119021362,"Belmore - Belfield","Mandarin",681
119021363,"Canterbury (South) - Campsie","Mandarin",4084
119021363,"Canterbury (South) - Campsie","Cantonese",2752
119021363,"Canterbury (South) - Campsie","Arabic",2171
119021363,"Canterbury (South) - Campsie","Greek",1463
119021363,"Canterbury (South) - Campsie","Korean",1345
119021363,"Canterbury (South) - Campsie","Vietnamese",1106
119021364,"Kingsgrove (North) - Earlwood","Greek",4895
119021364,"Kingsgrove (North) - Earlwood","Arabic",1538
119021364,"Kingsgrove (North) - Earlwood","Italian",1083
119021364,"Kingsgrove (North) - Earlwood","Cantonese",723
119021364,"Kingsgrove (North) - Earlwood","Portuguese",721
119021364,"Kingsgrove (North) - Earlwood","Mandarin",653
119021365,"Lakemba - Wiley Park","Arabic",4946
119021365,"Lakemba - Wiley Park","Bengali",3619
119021365,"Lakemba - Wiley Park","Urdu",1642
119021365,"Lakemba - Wiley Park","Vietnamese",1306
119021365,"Lakemba - Wiley Park","Greek",1127
119021365,"Lakemba - Wiley Park","Indonesian",937
119021366,"Punchbowl","Arabic",7193
119021366,"Punchbowl","Vietnamese",1422
119021366,"Punchbowl","Greek",1015
119021366,"Punchbowl","Cantonese",672
119021366,"Punchbowl","Indonesian",409
119021366,"Punchbowl","Mandarin",317
119021367,"Roselands","Arabic",1922
119021367,"Roselands","Greek",1785
119021367,"Roselands","Cantonese",661
119021367,"Roselands","Mandarin",441
119021367,"Roselands","Italian",347
119021367,"Roselands","Vietnamese",244
119031368,"Hurstville","Mandarin",4903
119031368,"Hurstville","Cantonese",4051
119031368,"Hurstville","Arabic",933
119031368,"Hurstville","Greek",867
119031368,"Hurstville","Macedonian",595
119031368,"Hurstville","Other Indian",530
119031369,"Mortdale - Penshurst","Cantonese",1613
119031369,"Mortdale - Penshurst","Mandarin",1567
119031369,"Mortdale - Penshurst","Macedonian",692
119031369,"Mortdale - Penshurst","Greek",685
119031369,"Mortdale - Penshurst","Arabic",608
119031369,"Mortdale - Penshurst","Other Indian",550
119031370,"Narwee - Beverly Hills","Cantonese",1943
119031370,"Narwee - Beverly Hills","Mandarin",1265
119031370,"Narwee - Beverly Hills","Greek",805
119031370,"Narwee - Beverly Hills","Arabic",648
119031370,"Narwee - Beverly Hills","Vietnamese",228
119031370,"Narwee - Beverly Hills","Indonesian",217
119031371,"Oatley - Hurstville Grove","Greek",627
119031371,"Oatley - Hurstville Grove","Cantonese",623
119031371,"Oatley - Hurstville Grove","Mandarin",593
119031371,"Oatley - Hurstville Grove","Croatian",300
119031371,"Oatley - Hurstville Grove","Macedonian",244
119031371,"Oatley - Hurstville Grove","Arabic",226
119031372,"Peakhurst - Lugarno","Greek",966
119031372,"Peakhurst - Lugarno","Arabic",752
119031372,"Peakhurst - Lugarno","Cantonese",515
119031372,"Peakhurst - Lugarno","Mandarin",494
119031372,"Peakhurst - Lugarno","Macedonian",461
119031372,"Peakhurst - Lugarno","Italian",286
119031373,"Riverwood","Cantonese",1178
119031373,"Riverwood","Mandarin",934
119031373,"Riverwood","Arabic",823
119031373,"Riverwood","Greek",326
119031373,"Riverwood","Indonesian",243
119031373,"Riverwood","Vietnamese",232
119031374,"South Hurstville - Blakehurst","Mandarin",3152
119031374,"South Hurstville - Blakehurst","Cantonese",2618
119031374,"South Hurstville - Blakehurst","Greek",1819
119031374,"South Hurstville - Blakehurst","Arabic",882
119031374,"South Hurstville - Blakehurst","Italian",411
119031374,"South Hurstville - Blakehurst","Macedonian",392
119041375,"Arncliffe - Bardwell Valley","Arabic",2799
119041375,"Arncliffe - Bardwell Valley","Macedonian",902
119041375,"Arncliffe - Bardwell Valley","Mandarin",760
119041375,"Arncliffe - Bardwell Valley","Greek",583
119041375,"Arncliffe - Bardwell Valley","Cantonese",518
119041375,"Arncliffe - Bardwell Valley","Italian",310
119041376,"Bexley","Arabic",2723
119041376,"Bexley","Greek",1889
119041376,"Bexley","Macedonian",1790
119041376,"Bexley","Mandarin",1670
119041376,"Bexley","Cantonese",1599
119041376,"Bexley","Other Indian",640
119041377,"Kingsgrove (South) - Bardwell Park","Greek",2076
119041377,"Kingsgrove (South) - Bardwell Park","Cantonese",1070
119041377,"Kingsgrove (South) - Bardwell Park","Arabic",696
119041377,"Kingsgrove (South) - Bardwell Park","Mandarin",637
119041377,"Kingsgrove (South) - Bardwell Park","Italian",363
119041377,"Kingsgrove (South) - Bardwell Park","Vietnamese",197
119041378,"Kogarah","Mandarin",979
119041378,"Kogarah","Greek",666
119041378,"Kogarah","Other Indian",638
119041378,"Kogarah","Cantonese",587
119041378,"Kogarah","Bengali",356
119041378,"Kogarah","Arabic",270
119041379,"Kogarah Bay - Carlton - Allawah","Mandarin",1448
119041379,"Kogarah Bay - Carlton - Allawah","Greek",1403
119041379,"Kogarah Bay - Carlton - Allawah","Cantonese",1245
119041379,"Kogarah Bay - Carlton - Allawah","Arabic",734
119041379,"Kogarah Bay - Carlton - Allawah","Macedonian",525
119041379,"Kogarah Bay - Carlton - Allawah","Spanish",292
119041380,"Monterey - Brighton-le-Sands - Kyeemagh","Greek",2075
119041380,"Monterey - Brighton-le-Sands - Kyeemagh","Arabic",928
119041380,"Monterey - Brighton-le-Sands - Kyeemagh","Spanish",504
119041380,"Monterey - Brighton-le-Sands - Kyeemagh","Italian",312
119041380,"Monterey - Brighton-le-Sands - Kyeemagh","Macedonian",298
119041380,"Monterey - Brighton-le-Sands - Kyeemagh","Mandarin",247
119041381,"Rockdale - Banksia","Macedonian",1401
119041381,"Rockdale - Banksia","Mandarin",1337
119041381,"Rockdale - Banksia","Other Indian",1304
119041381,"Rockdale - Banksia","Arabic",1196
119041381,"Rockdale - Banksia","Cantonese",982
119041381,"Rockdale - Banksia","Greek",808
119041382,"Sans Souci - Ramsgate","Greek",1996
119041382,"Sans Souci - Ramsgate","Arabic",552
119041382,"Sans Souci - Ramsgate","Spanish",316
119041382,"Sans Souci - Ramsgate","Macedonian",310
119041382,"Sans Souci - Ramsgate","Italian",267
119041382,"Sans Souci - Ramsgate","Mandarin",235
120011383,"Concord - Mortlake - Cabarita","Italian",2000
120011383,"Concord - Mortlake - Cabarita","Mandarin",817
120011383,"Concord - Mortlake - Cabarita","Cantonese",748
120011383,"Concord - Mortlake - Cabarita","Greek",674
120011383,"Concord - Mortlake - Cabarita","Arabic",554
120011383,"Concord - Mortlake - Cabarita","Korean",466
120011384,"Concord West - North Strathfield","Mandarin",2084
120011384,"Concord West - North Strathfield","Korean",1455
120011384,"Concord West - North Strathfield","Cantonese",1110
120011384,"Concord West - North Strathfield","Italian",686
120011384,"Concord West - North Strathfield","Hindi",323
120011384,"Concord West - North Strathfield","Greek",302
120011385,"Drummoyne - Rodd Point","Italian",1312
120011385,"Drummoyne - Rodd Point","Greek",705
120011385,"Drummoyne - Rodd Point","Cantonese",307
120011385,"Drummoyne - Rodd Point","Mandarin",208
120011385,"Drummoyne - Rodd Point","Arabic",181
120011385,"Drummoyne - Rodd Point","Spanish",139
120011386,"Five Dock - Abbotsford","Italian",2666
120011386,"Five Dock - Abbotsford","Cantonese",482
120011386,"Five Dock - Abbotsford","Greek",429
120011386,"Five Dock - Abbotsford","Mandarin",375
120011386,"Five Dock - Abbotsford","Spanish",253
120011386,"Five Dock - Abbotsford","Arabic",209
120021387,"Balmain","Italian",162
120021387,"Balmain","German",128
120021387,"Balmain","Greek",127
120021387,"Balmain","French",105
120021387,"Balmain","Mandarin",99
120021387,"Balmain","Cantonese",72
120021388,"Leichhardt - Annandale","Italian",1098
120021388,"Leichhardt - Annandale","Greek",393
120021388,"Leichhardt - Annandale","Spanish",364
120021388,"Leichhardt - Annandale","Mandarin",220
120021388,"Leichhardt - Annandale","Cantonese",218
120021388,"Leichhardt - Annandale","French",158
120021389,"Lilyfield - Rozelle","Italian",327
120021389,"Lilyfield - Rozelle","Greek",217
120021389,"Lilyfield - Rozelle","Cantonese",139
120021389,"Lilyfield - Rozelle","German",103
120021389,"Lilyfield - Rozelle","Spanish",101
120021389,"Lilyfield - Rozelle","French",96
120031390,"Ashfield","Mandarin",2968
120031390,"Ashfield","Other Indian",1399
120031390,"Ashfield","Cantonese",1344
120031390,"Ashfield","Italian",689
120031390,"Ashfield","Greek",476
120031390,"Ashfield","Arabic",407
120031391,"Burwood - Croydon","Mandarin",3482
120031391,"Burwood - Croydon","Cantonese",2272
120031391,"Burwood - Croydon","Italian",982
120031391,"Burwood - Croydon","Korean",767
120031391,"Burwood - Croydon","Arabic",709
120031391,"Burwood - Croydon","Greek",575
120031392,"Canterbury (North) - Ashbury","Greek",846
120031392,"Canterbury (North) - Ashbury","Italian",613
120031392,"Canterbury (North) - Ashbury","Arabic",467
120031392,"Canterbury (North) - Ashbury","Mandarin",266
120031392,"Canterbury (North) - Ashbury","Portuguese",245
120031392,"Canterbury (North) - Ashbury","Cantonese",223
120031393,"Croydon Park - Enfield","Italian",1528
120031393,"Croydon Park - Enfield","Arabic",1083
120031393,"Croydon Park - Enfield","Mandarin",867
120031393,"Croydon Park - Enfield","Greek",692
120031393,"Croydon Park - Enfield","Cantonese",690
120031393,"Croydon Park - Enfield","Korean",423
120031394,"Dulwich Hill - Lewisham","Greek",952
120031394,"Dulwich Hill - Lewisham","Arabic",501
120031394,"Dulwich Hill - Lewisham","Portuguese",382
120031394,"Dulwich Hill - Lewisham","Vietnamese",376
120031394,"Dulwich Hill - Lewisham","Spanish",327
120031394,"Dulwich Hill - Lewisham","Italian",317
120031395,"Haberfield - Summer Hill","Italian",1685
120031395,"Haberfield - Summer Hill","Mandarin",394
120031395,"Haberfield - Summer Hill","Greek",263
120031395,"Haberfield - Summer Hill","Cantonese",198
120031395,"Haberfield - Summer Hill","Other Indian",161
120031395,"Haberfield - Summer Hill","Spanish",148
120031396,"Homebush","Mandarin",1490
120031396,"Homebush","Cantonese",1043
120031396,"Homebush","Tamil",1019
120031396,"Homebush","Korean",995
120031396,"Homebush","Other Indian",570
120031396,"Homebush","Hindi",478
120031397,"Strathfield","Korean",2645
120031397,"Strathfield","Cantonese",2230
120031397,"Strathfield","Mandarin",2025
120031397,"Strathfield","Other Indian",1237
120031397,"Strathfield","Arabic",1207
120031397,"Strathfield","Tamil",972
121011398,"Chatswood (East) - Artarmon","Mandarin",3013
121011398,"Chatswood (East) - Artarmon","Cantonese",2785
121011398,"Chatswood (East) - Artarmon","Korean",1698
121011398,"Chatswood (East) - Artarmon","Japanese",744
121011398,"Chatswood (East) - Artarmon","Other Indian",339
121011398,"Chatswood (East) - Artarmon","Indonesian",282
121011399,"Chatswood (West) - Lane Cove North","Mandarin",1216
121011399,"Chatswood (West) - Lane Cove North","Cantonese",1104
121011399,"Chatswood (West) - Lane Cove North","Korean",487
121011399,"Chatswood (West) - Lane Cove North","Japanese",303
121011399,"Chatswood (West) - Lane Cove North","Other Indian",218
121011399,"Chatswood (West) - Lane Cove North","Persian",203
121011400,"Lane Cove - Greenwich","Cantonese",644
121011400,"Lane Cove - Greenwich","Mandarin",576
121011400,"Lane Cove - Greenwich","Italian",246
121011400,"Lane Cove - Greenwich","Spanish",234
121011400,"Lane Cove - Greenwich","Greek",231
121011400,"Lane Cove - Greenwich","Hindi",151
121011401,"St Leonards - Naremburn","Cantonese",550
121011401,"St Leonards - Naremburn","Mandarin",439
121011401,"St Leonards - Naremburn","Japanese",308
121011401,"St Leonards - Naremburn","Korean",195
121011401,"St Leonards - Naremburn","Hindi",129
121011401,"St Leonards - Naremburn","Arabic",105
121011402,"Willoughby - Castle Cove - Northbridge","Cantonese",1050
121011402,"Willoughby - Castle Cove - Northbridge","Mandarin",632
121011402,"Willoughby - Castle Cove - Northbridge","Japanese",441
121011402,"Willoughby - Castle Cove - Northbridge","Italian",417
121011402,"Willoughby - Castle Cove - Northbridge","Greek",290
121011402,"Willoughby - Castle Cove - Northbridge","Croatian",201
121021403,"Asquith - Mount Colah","Cantonese",346
121021403,"Asquith - Mount Colah","Mandarin",304
121021403,"Asquith - Mount Colah","Italian",146
121021403,"Asquith - Mount Colah","Korean",130
121021403,"Asquith - Mount Colah","Persian",124
121021403,"Asquith - Mount Colah","Hindi",120
121021404,"Berowra - Brooklyn - Cowan","German",56
121021404,"Berowra - Brooklyn - Cowan","Mandarin",51
121021404,"Berowra - Brooklyn - Cowan","Spanish",51
121021404,"Berowra - Brooklyn - Cowan","Dutch",45
121021404,"Berowra - Brooklyn - Cowan","Greek",35
121021404,"Berowra - Brooklyn - Cowan","Cantonese",33
121021405,"Hornsby - Waitara","Mandarin",2488
121021405,"Hornsby - Waitara","Cantonese",1549
121021405,"Hornsby - Waitara","Korean",1381
121021405,"Hornsby - Waitara","Persian",698
121021405,"Hornsby - Waitara","Hindi",656
121021405,"Hornsby - Waitara","Other Indian",582
121021406,"Normanhurst - Thornleigh - Westleigh","Mandarin",453
121021406,"Normanhurst - Thornleigh - Westleigh","Cantonese",441
121021406,"Normanhurst - Thornleigh - Westleigh","Arabic",429
121021406,"Normanhurst - Thornleigh - Westleigh","Korean",248
121021406,"Normanhurst - Thornleigh - Westleigh","Hindi",194
121021406,"Normanhurst - Thornleigh - Westleigh","Spanish",152
121031407,"Gordon - Killara","Cantonese",1663
121031407,"Gordon - Killara","Mandarin",1413
121031407,"Gordon - Killara","Korean",673
121031407,"Gordon - Killara","Japanese",216
121031407,"Gordon - Killara","Persian",173
121031407,"Gordon - Killara","Other Chinese",142
121031408,"Lindfield - Roseville","Cantonese",1326
121031408,"Lindfield - Roseville","Mandarin",877
121031408,"Lindfield - Roseville","Korean",390
121031408,"Lindfield - Roseville","Japanese",194
121031408,"Lindfield - Roseville","Italian",149
121031408,"Lindfield - Roseville","German",131
121031409,"Pymble","Cantonese",774
121031409,"Pymble","Mandarin",582
121031409,"Pymble","Korean",399
121031409,"Pymble","Japanese",125
121031409,"Pymble","German",105
121031409,"Pymble","Persian",103
121031410,"St Ives","Cantonese",642
121031410,"St Ives","Mandarin",426
121031410,"St Ives","Korean",284
121031410,"St Ives","German",181
121031410,"St Ives","Persian",179
121031410,"St Ives","Spanish",158
121031411,"Turramurra","Cantonese",507
121031411,"Turramurra","Mandarin",433
121031411,"Turramurra","Korean",338
121031411,"Turramurra","Persian",140
121031411,"Turramurra","German",123
121031411,"Turramurra","Hindi",114
121031412,"Wahroonga - Warrawee","Cantonese",458
121031412,"Wahroonga - Warrawee","Mandarin",427
121031412,"Wahroonga - Warrawee","Korean",257
121031412,"Wahroonga - Warrawee","Hindi",141
121031412,"Wahroonga - Warrawee","Persian",123
121031412,"Wahroonga - Warrawee","German",112
121041413,"Cremorne - Cammeray","Cantonese",349
121041413,"Cremorne - Cammeray","Japanese",327
121041413,"Cremorne - Cammeray","Mandarin",263
121041413,"Cremorne - Cammeray","French",176
121041413,"Cremorne - Cammeray","Italian",142
121041413,"Cremorne - Cammeray","Spanish",123
121041414,"Crows Nest - Waverton","Cantonese",563
121041414,"Crows Nest - Waverton","Mandarin",497
121041414,"Crows Nest - Waverton","Japanese",299
121041414,"Crows Nest - Waverton","Spanish",218
121041414,"Crows Nest - Waverton","Korean",155
121041414,"Crows Nest - Waverton","Other Indian",154
121041415,"Mosman","Italian",286
121041415,"Mosman","German",274
121041415,"Mosman","French",271
121041415,"Mosman","Mandarin",232
121041415,"Mosman","Cantonese",230
121041415,"Mosman","Japanese",224
121041416,"Neutral Bay - Kirribilli","Mandarin",306
121041416,"Neutral Bay - Kirribilli","Cantonese",286
121041416,"Neutral Bay - Kirribilli","Japanese",273
121041416,"Neutral Bay - Kirribilli","Spanish",208
121041416,"Neutral Bay - Kirribilli","French",176
121041416,"Neutral Bay - Kirribilli","Other Indian",152
121041417,"North Sydney - Lavender Bay","Cantonese",340
121041417,"North Sydney - Lavender Bay","Mandarin",319
121041417,"North Sydney - Lavender Bay","Japanese",204
121041417,"North Sydney - Lavender Bay","Spanish",126
121041417,"North Sydney - Lavender Bay","Korean",119
121041417,"North Sydney - Lavender Bay","Hindi",85
122011418,"Balgowlah - Clontarf - Seaforth","Greek",244
122011418,"Balgowlah - Clontarf - Seaforth","Italian",210
122011418,"Balgowlah - Clontarf - Seaforth","Mandarin",188
122011418,"Balgowlah - Clontarf - Seaforth","Cantonese",175
122011418,"Balgowlah - Clontarf - Seaforth","French",154
122011418,"Balgowlah - Clontarf - Seaforth","German",129
122011419,"Manly - Fairlight","French",289
122011419,"Manly - Fairlight","German",266
122011419,"Manly - Fairlight","Portuguese",242
122011419,"Manly - Fairlight","Spanish",209
122011419,"Manly - Fairlight","Italian",154
122011419,"Manly - Fairlight","Mandarin",106
122021420,"Avalon - Palm Beach","German",139
122021420,"Avalon - Palm Beach","French",67
122021420,"Avalon - Palm Beach","Italian",51
122021420,"Avalon - Palm Beach","Dutch",45
122021420,"Avalon - Palm Beach","Spanish",37
122021420,"Avalon - Palm Beach","Japanese",25
122021421,"Bayview - Elanora Heights","German",133
122021421,"Bayview - Elanora Heights","Italian",120
122021421,"Bayview - Elanora Heights","Spanish",47
122021421,"Bayview - Elanora Heights","Dutch",41
122021421,"Bayview - Elanora Heights","French",40
122021421,"Bayview - Elanora Heights","Mandarin",39
122021422,"Newport - Bilgola","German",129
122021422,"Newport - Bilgola","Italian",68
122021422,"Newport - Bilgola","Spanish",56
122021422,"Newport - Bilgola","French",50
122021422,"Newport - Bilgola","Portuguese",43
122021422,"Newport - Bilgola","Dutch",34
122021423,"Warriewood - Mona Vale","Serbian",234
122021423,"Warriewood - Mona Vale","Croatian",208
122021423,"Warriewood - Mona Vale","Italian",188
122021423,"Warriewood - Mona Vale","German",184
122021423,"Warriewood - Mona Vale","Spanish",129
122021423,"Warriewood - Mona Vale","Dutch",105
122031424,"Beacon Hill - Narraweena","Italian",787
122031424,"Beacon Hill - Narraweena","Mandarin",215
122031424,"Beacon Hill - Narraweena","Cantonese",188
122031424,"Beacon Hill - Narraweena","Serbian",116
122031424,"Beacon Hill - Narraweena","Spanish",91
122031424,"Beacon Hill - Narraweena","Korean",86
122031425,"Cromer","Italian",178
122031425,"Cromer","Serbian",82
122031425,"Cromer","German",59
122031425,"Cromer","Mandarin",54
122031425,"Cromer","Spanish",31
122031425,"Cromer","Cantonese",30
122031426,"Dee Why - North Curl Curl","Portuguese",489
122031426,"Dee Why - North Curl Curl","Mandarin",431
122031426,"Dee Why - North Curl Curl","Serbian",418
122031426,"Dee Why - North Curl Curl","Italian",378
122031426,"Dee Why - North Curl Curl","Tagalog",277
122031426,"Dee Why - North Curl Curl","Spanish",237
122031427,"Forestville - Killarney Heights","Cantonese",403
122031427,"Forestville - Killarney Heights","Mandarin",259
122031427,"Forestville - Killarney Heights","Japanese",242
122031427,"Forestville - Killarney Heights","French",235
122031427,"Forestville - Killarney Heights","German",127
122031427,"Forestville - Killarney Heights","Italian",99
122031428,"Frenchs Forest - Belrose","Cantonese",331
122031428,"Frenchs Forest - Belrose","Mandarin",238
122031428,"Frenchs Forest - Belrose","Italian",233
122031428,"Frenchs Forest - Belrose","German",199
122031428,"Frenchs Forest - Belrose","Japanese",156
122031428,"Frenchs Forest - Belrose","French",149
122031429,"Freshwater - Brookvale","Italian",443
122031429,"Freshwater - Brookvale","Portuguese",231
122031429,"Freshwater - Brookvale","Spanish",177
122031429,"Freshwater - Brookvale","German",164
122031429,"Freshwater - Brookvale","Mandarin",135
122031429,"Freshwater - Brookvale","French",121
122031430,"Manly Vale - Allambie Heights","Italian",230
122031430,"Manly Vale - Allambie Heights","Mandarin",224
122031430,"Manly Vale - Allambie Heights","German",159
122031430,"Manly Vale - Allambie Heights","Spanish",124
122031430,"Manly Vale - Allambie Heights","Cantonese",119
122031430,"Manly Vale - Allambie Heights","French",118
122031431,"Narrabeen - Collaroy","Italian",356
122031431,"Narrabeen - Collaroy","German",159
122031431,"Narrabeen - Collaroy","Portuguese",154
122031431,"Narrabeen - Collaroy","Spanish",130
122031431,"Narrabeen - Collaroy","Mandarin",117
122031431,"Narrabeen - Collaroy","Serbian",112
122031432,"Terrey Hills - Duffys Forest","Italian",56
122031432,"Terrey Hills - Duffys Forest","Dutch",34
122031432,"Terrey Hills - Duffys Forest","German",27
122031432,"Terrey Hills - Duffys Forest","French",12
122031432,"Terrey Hills - Duffys Forest","Greek",11
122031432,"Terrey Hills - Duffys Forest","Japanese",11
123011433,"Camden - Ellis Lane","Italian",78
123011433,"Camden - Ellis Lane","Spanish",49
123011433,"Camden - Ellis Lane","German",27
123011433,"Camden - Ellis Lane","Croatian",25
123011433,"Camden - Ellis Lane","Greek",22
123011433,"Camden - Ellis Lane","Arabic",20
123011434,"Elderslie - Harrington Park","Italian",216
123011434,"Elderslie - Harrington Park","Arabic",111
123011434,"Elderslie - Harrington Park","Spanish",100
123011434,"Elderslie - Harrington Park","Hindi",72
123011434,"Elderslie - Harrington Park","Mandarin",61
123011434,"Elderslie - Harrington Park","Croatian",61
123011435,"Mount Annan - Currans Hill","Spanish",329
123011435,"Mount Annan - Currans Hill","Italian",179
123011435,"Mount Annan - Currans Hill","Arabic",166
123011435,"Mount Annan - Currans Hill","Hindi",92
123011435,"Mount Annan - Currans Hill","Croatian",91
123011435,"Mount Annan - Currans Hill","Greek",86
123021436,"Bradbury - Wedderburn","Samoan",449
123021436,"Bradbury - Wedderburn","Arabic",381
123021436,"Bradbury - Wedderburn","Spanish",292
123021436,"Bradbury - Wedderburn","Hindi",145
123021436,"Bradbury - Wedderburn","Vietnamese",113
123021436,"Bradbury - Wedderburn","Greek",84
123021437,"Campbelltown - Woodbine","Arabic",568
123021437,"Campbelltown - Woodbine","Hindi",355
123021437,"Campbelltown - Woodbine","Tagalog",342
123021437,"Campbelltown - Woodbine","Spanish",254
123021437,"Campbelltown - Woodbine","Samoan",179
123021437,"Campbelltown - Woodbine","Filipino",136
123021438,"Claymore - Eagle Vale - Raby","Samoan",695
123021438,"Claymore - Eagle Vale - Raby","Arabic",650
123021438,"Claymore - Eagle Vale - Raby","Spanish",381
123021438,"Claymore - Eagle Vale - Raby","Hindi",254
123021438,"Claymore - Eagle Vale - Raby","Tagalog",197
123021438,"Claymore - Eagle Vale - Raby","Italian",124
123021439,"Holsworthy Military Area","Arabic",0
123021439,"Holsworthy Military Area","Assyrian",0
123021439,"Holsworthy Military Area","Aboriginal",0
123021439,"Holsworthy Military Area","Cantonese",0
123021439,"Holsworthy Military Area","Mandarin",0
123021439,"Holsworthy Military Area","Other Chinese",0
123021440,"Ingleburn - Denham Court","Bengali",516
123021440,"Ingleburn - Denham Court","Hindi",435
123021440,"Ingleburn - Denham Court","Tagalog",398
123021440,"Ingleburn - Denham Court","Arabic",363
123021440,"Ingleburn - Denham Court","Spanish",297
123021440,"Ingleburn - Denham Court","Cantonese",260
123021441,"Leumeah - Minto Heights","Arabic",325
123021441,"Leumeah - Minto Heights","Samoan",201
123021441,"Leumeah - Minto Heights","Spanish",186
123021441,"Leumeah - Minto Heights","Hindi",141
123021441,"Leumeah - Minto Heights","Tagalog",141
123021441,"Leumeah - Minto Heights","Other Indian",135
123021442,"Macquarie Fields - Glenfield","Bengali",920
123021442,"Macquarie Fields - Glenfield","Hindi",780
123021442,"Macquarie Fields - Glenfield","Arabic",732
123021442,"Macquarie Fields - Glenfield","Samoan",578
123021442,"Macquarie Fields - Glenfield","Other Indian",434
123021442,"Macquarie Fields - Glenfield","Tagalog",377
123021443,"Minto - St Andrews","Bengali",900
123021443,"Minto - St Andrews","Hindi",715
123021443,"Minto - St Andrews","Arabic",606
123021443,"Minto - St Andrews","Samoan",444
123021443,"Minto - St Andrews","Tagalog",380
123021443,"Minto - St Andrews","Spanish",308
123021444,"Rosemeadow - Glen Alpine","Spanish",507
123021444,"Rosemeadow - Glen Alpine","Arabic",418
123021444,"Rosemeadow - Glen Alpine","Samoan",259
123021444,"Rosemeadow - Glen Alpine","Hindi",232
123021444,"Rosemeadow - Glen Alpine","Vietnamese",189
123021444,"Rosemeadow - Glen Alpine","Tagalog",153
123031446,"Douglas Park - Appin","Italian",66
123031446,"Douglas Park - Appin","Greek",35
123031446,"Douglas Park - Appin","Maltese",30
123031446,"Douglas Park - Appin","Croatian",26
123031446,"Douglas Park - Appin","Mandarin",24
123031446,"Douglas Park - Appin","Arabic",22
123031447,"Picton - Tahmoor - Buxton","Arabic",119
123031447,"Picton - Tahmoor - Buxton","Italian",76
123031447,"Picton - Tahmoor - Buxton","Greek",56
123031447,"Picton - Tahmoor - Buxton","German",41
123031447,"Picton - Tahmoor - Buxton","Spanish",29
123031447,"Picton - Tahmoor - Buxton","Croatian",27
123031448,"The Oaks - Oakdale","Italian",105
123031448,"The Oaks - Oakdale","Maltese",57
123031448,"The Oaks - Oakdale","German",28
123031448,"The Oaks - Oakdale","Greek",26
123031448,"The Oaks - Oakdale","Spanish",20
123031448,"The Oaks - Oakdale","Dutch",19
124011449,"Blackheath - Megalong Valley","German",31
124011449,"Blackheath - Megalong Valley","Spanish",25
124011449,"Blackheath - Megalong Valley","Greek",20
124011449,"Blackheath - Megalong Valley","French",15
124011449,"Blackheath - Megalong Valley","Dutch",14
124011449,"Blackheath - Megalong Valley","Italian",14
124011450,"Blaxland - Warrimoo - Lapstone","German",68
124011450,"Blaxland - Warrimoo - Lapstone","Russian",60
124011450,"Blaxland - Warrimoo - Lapstone","Dutch",56
124011450,"Blaxland - Warrimoo - Lapstone","Italian",49
124011450,"Blaxland - Warrimoo - Lapstone","Spanish",45
124011450,"Blaxland - Warrimoo - Lapstone","Polish",39
124011451,"Blue Mountains - North","Arabic",0
124011451,"Blue Mountains - North","Assyrian",0
124011451,"Blue Mountains - North","Aboriginal",0
124011451,"Blue Mountains - North","Cantonese",0
124011451,"Blue Mountains - North","Mandarin",0
124011451,"Blue Mountains - North","Other Chinese",0
124011452,"Katoomba - Leura","German",105
124011452,"Katoomba - Leura","French",79
124011452,"Katoomba - Leura","Spanish",63
124011452,"Katoomba - Leura","Italian",57
124011452,"Katoomba - Leura","Greek",53
124011452,"Katoomba - Leura","Mandarin",51
124011453,"Lawson - Hazelbrook - Linden","German",77
124011453,"Lawson - Hazelbrook - Linden","Spanish",54
124011453,"Lawson - Hazelbrook - Linden","Italian",36
124011453,"Lawson - Hazelbrook - Linden","Hungarian",29
124011453,"Lawson - Hazelbrook - Linden","Russian",28
124011453,"Lawson - Hazelbrook - Linden","Dutch",26
124011454,"Springwood - Winmalee","German",105
124011454,"Springwood - Winmalee","Spanish",99
124011454,"Springwood - Winmalee","Italian",70
124011454,"Springwood - Winmalee","Greek",66
124011454,"Springwood - Winmalee","Dutch",63
124011454,"Springwood - Winmalee","Polish",55
124011455,"Wentworth Falls","German",51
124011455,"Wentworth Falls","Spanish",30
124011455,"Wentworth Falls","Greek",22
124011455,"Wentworth Falls","Italian",20
124011455,"Wentworth Falls","French",18
124011455,"Wentworth Falls","Cantonese",15
124021456,"Blue Mountains - South","Arabic",0
124021456,"Blue Mountains - South","Assyrian",0
124021456,"Blue Mountains - South","Aboriginal",0
124021456,"Blue Mountains - South","Cantonese",0
124021456,"Blue Mountains - South","Mandarin",0
124021456,"Blue Mountains - South","Other Chinese",0
124031457,"Cambridge Park","Arabic",134
124031457,"Cambridge Park","Greek",90
124031457,"Cambridge Park","Spanish",80
124031457,"Cambridge Park","Italian",70
124031457,"Cambridge Park","Polish",51
124031457,"Cambridge Park","Samoan",45
124031458,"Castlereagh - Cranebrook","Maltese",293
124031458,"Castlereagh - Cranebrook","Italian",130
124031458,"Castlereagh - Cranebrook","Arabic",105
124031458,"Castlereagh - Cranebrook","Greek",92
124031458,"Castlereagh - Cranebrook","Spanish",84
124031458,"Castlereagh - Cranebrook","Hindi",72
124031459,"Emu Plains - Leonay","Greek",88
124031459,"Emu Plains - Leonay","German",64
124031459,"Emu Plains - Leonay","Italian",56
124031459,"Emu Plains - Leonay","Polish",37
124031459,"Emu Plains - Leonay","Arabic",35
124031459,"Emu Plains - Leonay","French",34
124031460,"Glenmore Park - Regentville","Arabic",241
124031460,"Glenmore Park - Regentville","Punjabi",231
124031460,"Glenmore Park - Regentville","Tagalog",215
124031460,"Glenmore Park - Regentville","Italian",168
124031460,"Glenmore Park - Regentville","Hindi",160
124031460,"Glenmore Park - Regentville","Filipino",133
124031461,"Jamisontown - South Penrith","Arabic",151
124031461,"Jamisontown - South Penrith","Mandarin",97
124031461,"Jamisontown - South Penrith","Italian",91
124031461,"Jamisontown - South Penrith","Greek",90
124031461,"Jamisontown - South Penrith","Spanish",66
124031461,"Jamisontown - South Penrith","German",52
124031462,"Kingswood - Werrington","Punjabi",308
124031462,"Kingswood - Werrington","Arabic",242
124031462,"Kingswood - Werrington","Tagalog",239
124031462,"Kingswood - Werrington","Hindi",222
124031462,"Kingswood - Werrington","Spanish",158
124031462,"Kingswood - Werrington","Other Indian",150
124031463,"Mulgoa - Luddenham - Orchard Hills","Italian",197
124031463,"Mulgoa - Luddenham - Orchard Hills","Maltese",167
124031463,"Mulgoa - Luddenham - Orchard Hills","Arabic",144
124031463,"Mulgoa - Luddenham - Orchard Hills","Greek",70
124031463,"Mulgoa - Luddenham - Orchard Hills","Croatian",62
124031463,"Mulgoa - Luddenham - Orchard Hills","Punjabi",26
124031464,"Penrith","Arabic",116
124031464,"Penrith","Cantonese",90
124031464,"Penrith","Mandarin",80
124031464,"Penrith","Spanish",78
124031464,"Penrith","Tagalog",66
124031464,"Penrith","Thai",63
124031465,"Warragamba - Silverdale","Maltese",54
124031465,"Warragamba - Silverdale","Italian",41
124031465,"Warragamba - Silverdale","Croatian",31
124031465,"Warragamba - Silverdale","Arabic",26
124031465,"Warragamba - Silverdale","Serbian",21
124031465,"Warragamba - Silverdale","Spanish",17
124041466,"Richmond - Clarendon","Macedonian",164
124041466,"Richmond - Clarendon","Maltese",63
124041466,"Richmond - Clarendon","Italian",61
124041466,"Richmond - Clarendon","Cantonese",51
124041466,"Richmond - Clarendon","Greek",47
124041466,"Richmond - Clarendon","Mandarin",41
124041467,"Windsor - Bligh Park","Maltese",68
124041467,"Windsor - Bligh Park","Italian",64
124041467,"Windsor - Bligh Park","Greek",56
124041467,"Windsor - Bligh Park","Arabic",55
124041467,"Windsor - Bligh Park","Tagalog",45
124041467,"Windsor - Bligh Park","Spanish",42
124041468,"Yarramundi - Londonderry","Maltese",259
124041468,"Yarramundi - Londonderry","Arabic",60
124041468,"Yarramundi - Londonderry","Cantonese",37
124041468,"Yarramundi - Londonderry","Greek",29
124041468,"Yarramundi - Londonderry","Italian",26
124041468,"Yarramundi - Londonderry","Croatian",25
124051469,"Erskine Park","Tagalog",158
124051469,"Erskine Park","Arabic",157
124051469,"Erskine Park","Hindi",115
124051469,"Erskine Park","Filipino",87
124051469,"Erskine Park","Spanish",79
124051469,"Erskine Park","Croatian",50
124051470,"St Clair","Arabic",656
124051470,"St Clair","Tagalog",423
124051470,"St Clair","Spanish",282
124051470,"St Clair","Croatian",261
124051470,"St Clair","Turkish",247
124051470,"St Clair","Filipino",227
124051471,"St Marys - Colyton","Arabic",725
124051471,"St Marys - Colyton","Tagalog",468
124051471,"St Marys - Colyton","Hindi",421
124051471,"St Marys - Colyton","Croatian",356
124051471,"St Marys - Colyton","Samoan",351
124051471,"St Marys - Colyton","Greek",323
125011472,"Auburn","Arabic",5185
125011472,"Auburn","Turkish",3826
125011472,"Auburn","Mandarin",3427
125011472,"Auburn","Cantonese",2694
125011472,"Auburn","Urdu",1347
125011472,"Auburn","Other Indian",1155
125011473,"Homebush Bay - Silverwater","Korean",1188
125011473,"Homebush Bay - Silverwater","Cantonese",654
125011473,"Homebush Bay - Silverwater","Mandarin",626
125011473,"Homebush Bay - Silverwater","Arabic",398
125011473,"Homebush Bay - Silverwater","Indonesian",157
125011473,"Homebush Bay - Silverwater","Hindi",130
125011474,"Lidcombe - Regents Park","Cantonese",4047
125011474,"Lidcombe - Regents Park","Mandarin",2799
125011474,"Lidcombe - Regents Park","Arabic",2334
125011474,"Lidcombe - Regents Park","Korean",2200
125011474,"Lidcombe - Regents Park","Vietnamese",1465
125011474,"Lidcombe - Regents Park","Turkish",984
125011475,"Rookwood Cemetery","Arabic",0
125011475,"Rookwood Cemetery","Assyrian",0
125011475,"Rookwood Cemetery","Aboriginal",0
125011475,"Rookwood Cemetery","Cantonese",0
125011475,"Rookwood Cemetery","Mandarin",0
125011475,"Rookwood Cemetery","Other Chinese",0
125021476,"Carlingford","Cantonese",3696
125021476,"Carlingford","Mandarin",2757
125021476,"Carlingford","Korean",1238
125021476,"Carlingford","Arabic",392
125021476,"Carlingford","Tamil",357
125021476,"Carlingford","Hindi",261
125021477,"Ermington - Rydalmere","Mandarin",1170
125021477,"Ermington - Rydalmere","Cantonese",1077
125021477,"Ermington - Rydalmere","Arabic",920
125021477,"Ermington - Rydalmere","Korean",908
125021477,"Ermington - Rydalmere","Italian",222
125021477,"Ermington - Rydalmere","Hindi",216
125021478,"Oatlands - Dundas Valley","Mandarin",1315
125021478,"Oatlands - Dundas Valley","Cantonese",1126
125021478,"Oatlands - Dundas Valley","Korean",1069
125021478,"Oatlands - Dundas Valley","Arabic",842
125021478,"Oatlands - Dundas Valley","Hindi",140
125021478,"Oatlands - Dundas Valley","Greek",136
125031479,"Chester Hill - Sefton","Arabic",3304
125031479,"Chester Hill - Sefton","Vietnamese",2166
125031479,"Chester Hill - Sefton","Cantonese",978
125031479,"Chester Hill - Sefton","Mandarin",416
125031479,"Chester Hill - Sefton","Greek",242
125031479,"Chester Hill - Sefton","Italian",200
125031480,"Fairfield - East","Arabic",2829
125031480,"Fairfield - East","Vietnamese",2565
125031480,"Fairfield - East","Cantonese",760
125031480,"Fairfield - East","Spanish",417
125031480,"Fairfield - East","Mandarin",410
125031480,"Fairfield - East","Assyrian",186
125031481,"Granville - Clyde","Arabic",4501
125031481,"Granville - Clyde","Cantonese",918
125031481,"Granville - Clyde","Mandarin",772
125031481,"Granville - Clyde","Other Indian",727
125031481,"Granville - Clyde","Turkish",520
125031481,"Granville - Clyde","Vietnamese",513
125031482,"Greystanes - Pemulwuy","Arabic",1984
125031482,"Greystanes - Pemulwuy","Maltese",723
125031482,"Greystanes - Pemulwuy","Italian",525
125031482,"Greystanes - Pemulwuy","Greek",517
125031482,"Greystanes - Pemulwuy","Hindi",403
125031482,"Greystanes - Pemulwuy","Croatian",399
125031483,"Guildford - South Granville","Arabic",7197
125031483,"Guildford - South Granville","Turkish",473
125031483,"Guildford - South Granville","Cantonese",440
125031483,"Guildford - South Granville","Vietnamese",436
125031483,"Guildford - South Granville","Mandarin",332
125031483,"Guildford - South Granville","Persian",244
125031484,"Guildford West - Merrylands West","Arabic",3958
125031484,"Guildford West - Merrylands West","Cantonese",440
125031484,"Guildford West - Merrylands West","Turkish",394
125031484,"Guildford West - Merrylands West","Mandarin",364
125031484,"Guildford West - Merrylands West","Italian",320
125031484,"Guildford West - Merrylands West","Dari",297
125031485,"Merrylands - Holroyd","Arabic",4876
125031485,"Merrylands - Holroyd","Mandarin",816
125031485,"Merrylands - Holroyd","Persian",683
125031485,"Merrylands - Holroyd","Turkish",673
125031485,"Merrylands - Holroyd","Dari",628
125031485,"Merrylands - Holroyd","Cantonese",609
125031486,"Smithfield Industrial","Other Chinese",3
125031486,"Smithfield Industrial","Arabic",0
125031486,"Smithfield Industrial","Assyrian",0
125031486,"Smithfield Industrial","Aboriginal",0
125031486,"Smithfield Industrial","Cantonese",0
125031486,"Smithfield Industrial","Mandarin",0
125031487,"Yennora Industrial","Arabic",3
125031487,"Yennora Industrial","Filipino",3
125031487,"Yennora Industrial","Assyrian",0
125031487,"Yennora Industrial","Aboriginal",0
125031487,"Yennora Industrial","Cantonese",0
125031487,"Yennora Industrial","Mandarin",0
125041488,"Girraween - Westmead","Tamil",2861
125041488,"Girraween - Westmead","Other Indian",1666
125041488,"Girraween - Westmead","Hindi",1331
125041488,"Girraween - Westmead","Arabic",1200
125041488,"Girraween - Westmead","Mandarin",845
125041488,"Girraween - Westmead","Cantonese",740
125041489,"North Parramatta","Mandarin",1518
125041489,"North Parramatta","Arabic",1116
125041489,"North Parramatta","Cantonese",851
125041489,"North Parramatta","Hindi",561
125041489,"North Parramatta","Other Indian",547
125041489,"North Parramatta","Korean",543
125041490,"North Rocks","Cantonese",470
125041490,"North Rocks","Mandarin",431
125041490,"North Rocks","Korean",214
125041490,"North Rocks","Arabic",157
125041490,"North Rocks","Greek",91
125041490,"North Rocks","Hindi",87
125041491,"Northmead","Other Indian",1135
125041491,"Northmead","Hindi",943
125041491,"Northmead","Mandarin",566
125041491,"Northmead","Arabic",475
125041491,"Northmead","Tamil",456
125041491,"Northmead","Cantonese",415
125041492,"Parramatta - Rosehill","Other Indian",2993
125041492,"Parramatta - Rosehill","Mandarin",2013
125041492,"Parramatta - Rosehill","Hindi",1565
125041492,"Parramatta - Rosehill","Arabic",1379
125041492,"Parramatta - Rosehill","Cantonese",1111
125041492,"Parramatta - Rosehill","Punjabi",986
125041493,"Toongabbie - Constitution Hill","Tamil",899
125041493,"Toongabbie - Constitution Hill","Arabic",880
125041493,"Toongabbie - Constitution Hill","Cantonese",562
125041493,"Toongabbie - Constitution Hill","Mandarin",547
125041493,"Toongabbie - Constitution Hill","Hindi",488
125041493,"Toongabbie - Constitution Hill","Other Indian",450
125041494,"Winston Hills","Arabic",339
125041494,"Winston Hills","Mandarin",228
125041494,"Winston Hills","Cantonese",214
125041494,"Winston Hills","Korean",138
125041494,"Winston Hills","Greek",135
125041494,"Winston Hills","Hindi",132
126011495,"Epping - North Epping","Cantonese",2650
126011495,"Epping - North Epping","Mandarin",2499
126011495,"Epping - North Epping","Korean",1669
126011495,"Epping - North Epping","Hindi",533
126011495,"Epping - North Epping","Tamil",246
126011495,"Epping - North Epping","Sinhalese",200
126011496,"Pennant Hills - Cheltenham","Cantonese",1015
126011496,"Pennant Hills - Cheltenham","Mandarin",676
126011496,"Pennant Hills - Cheltenham","Korean",421
126011496,"Pennant Hills - Cheltenham","Hindi",278
126011496,"Pennant Hills - Cheltenham","Arabic",207
126011496,"Pennant Hills - Cheltenham","Tamil",191
126021497,"Eastwood - Denistone","Mandarin",3176
126021497,"Eastwood - Denistone","Cantonese",2958
126021497,"Eastwood - Denistone","Korean",1592
126021497,"Eastwood - Denistone","Italian",370
126021497,"Eastwood - Denistone","Other Chinese",316
126021497,"Eastwood - Denistone","Tamil",299
126021498,"Gladesville - Huntleys Point","Italian",583
126021498,"Gladesville - Huntleys Point","Greek",448
126021498,"Gladesville - Huntleys Point","Cantonese",373
126021498,"Gladesville - Huntleys Point","Mandarin",285
126021498,"Gladesville - Huntleys Point","Arabic",119
126021498,"Gladesville - Huntleys Point","Spanish",111
126021499,"Hunters Hill - Woolwich","Italian",213
126021499,"Hunters Hill - Woolwich","Cantonese",203
126021499,"Hunters Hill - Woolwich","Greek",191
126021499,"Hunters Hill - Woolwich","Mandarin",165
126021499,"Hunters Hill - Woolwich","Arabic",81
126021499,"Hunters Hill - Woolwich","German",75
126021500,"Macquarie Park - Marsfield","Mandarin",2840
126021500,"Macquarie Park - Marsfield","Cantonese",1673
126021500,"Macquarie Park - Marsfield","Korean",573
126021500,"Macquarie Park - Marsfield","Indonesian",368
126021500,"Macquarie Park - Marsfield","Italian",350
126021500,"Macquarie Park - Marsfield","Other Chinese",288
126021501,"North Ryde - East Ryde","Mandarin",604
126021501,"North Ryde - East Ryde","Cantonese",549
126021501,"North Ryde - East Ryde","Italian",266
126021501,"North Ryde - East Ryde","Korean",197
126021501,"North Ryde - East Ryde","Arabic",159
126021501,"North Ryde - East Ryde","Greek",105
126021502,"Ryde - Putney","Mandarin",1411
126021502,"Ryde - Putney","Italian",1227
126021502,"Ryde - Putney","Cantonese",1226
126021502,"Ryde - Putney","Arabic",621
126021502,"Ryde - Putney","Korean",567
126021502,"Ryde - Putney","Greek",506
126021503,"West Ryde - Meadowbank","Mandarin",1351
126021503,"West Ryde - Meadowbank","Korean",1288
126021503,"West Ryde - Meadowbank","Cantonese",1213
126021503,"West Ryde - Meadowbank","Arabic",468
126021503,"West Ryde - Meadowbank","Hindi",337
126021503,"West Ryde - Meadowbank","Italian",270
127011504,"Ashcroft - Busby - Miller","Arabic",2906
127011504,"Ashcroft - Busby - Miller","Vietnamese",1520
127011504,"Ashcroft - Busby - Miller","Hindi",467
127011504,"Ashcroft - Busby - Miller","Samoan",378
127011504,"Ashcroft - Busby - Miller","Spanish",349
127011504,"Ashcroft - Busby - Miller","Khmer",204
127011505,"Badgerys Creek - Greendale","Italian",1051
127011505,"Badgerys Creek - Greendale","Arabic",597
127011505,"Badgerys Creek - Greendale","Cantonese",321
127011505,"Badgerys Creek - Greendale","Maltese",252
127011505,"Badgerys Creek - Greendale","Croatian",163
127011505,"Badgerys Creek - Greendale","Assyrian",159
127011506,"Cobbitty - Leppington","Italian",430
127011506,"Cobbitty - Leppington","Cantonese",227
127011506,"Cobbitty - Leppington","Arabic",180
127011506,"Cobbitty - Leppington","Maltese",144
127011506,"Cobbitty - Leppington","Serbian",115
127011506,"Cobbitty - Leppington","Greek",54
127011507,"Green Valley - Cecil Hills","Vietnamese",2498
127011507,"Green Valley - Cecil Hills","Arabic",1844
127011507,"Green Valley - Cecil Hills","Hindi",1812
127011507,"Green Valley - Cecil Hills","Assyrian",1683
127011507,"Green Valley - Cecil Hills","Spanish",1446
127011507,"Green Valley - Cecil Hills","Italian",990
127011508,"Hoxton Park - Horningsea Park","Hindi",1302
127011508,"Hoxton Park - Horningsea Park","Arabic",1072
127011508,"Hoxton Park - Horningsea Park","Spanish",874
127011508,"Hoxton Park - Horningsea Park","Italian",709
127011508,"Hoxton Park - Horningsea Park","Assyrian",625
127011508,"Hoxton Park - Horningsea Park","Serbian",441
127021509,"Bonnyrigg Heights - Bonnyrigg","Vietnamese",3424
127021509,"Bonnyrigg Heights - Bonnyrigg","Assyrian",766
127021509,"Bonnyrigg Heights - Bonnyrigg","Arabic",753
127021509,"Bonnyrigg Heights - Bonnyrigg","Khmer",716
127021509,"Bonnyrigg Heights - Bonnyrigg","Serbian",697
127021509,"Bonnyrigg Heights - Bonnyrigg","Cantonese",593
127021510,"Bossley Park - Abbotsbury","Assyrian",2384
127021510,"Bossley Park - Abbotsbury","Italian",1328
127021510,"Bossley Park - Abbotsbury","Arabic",1252
127021510,"Bossley Park - Abbotsbury","Spanish",1125
127021510,"Bossley Park - Abbotsbury","Vietnamese",790
127021510,"Bossley Park - Abbotsbury","Croatian",436
127021511,"Cabramatta - Lansvale","Vietnamese",8495
127021511,"Cabramatta - Lansvale","Cantonese",2804
127021511,"Cabramatta - Lansvale","Khmer",1914
127021511,"Cabramatta - Lansvale","Mandarin",1110
127021511,"Cabramatta - Lansvale","Other Chinese",687
127021511,"Cabramatta - Lansvale","Serbian",647
127021512,"Cabramatta West - Mount Pritchard","Vietnamese",4032
127021512,"Cabramatta West - Mount Pritchard","Arabic",857
127021512,"Cabramatta West - Mount Pritchard","Khmer",652
127021512,"Cabramatta West - Mount Pritchard","Serbian",624
127021512,"Cabramatta West - Mount Pritchard","Italian",619
127021512,"Cabramatta West - Mount Pritchard","Cantonese",614
127021513,"Canley Vale - Canley Heights","Vietnamese",6825
127021513,"Canley Vale - Canley Heights","Cantonese",1708
127021513,"Canley Vale - Canley Heights","Khmer",1131
127021513,"Canley Vale - Canley Heights","Mandarin",770
127021513,"Canley Vale - Canley Heights","Other Chinese",743
127021513,"Canley Vale - Canley Heights","Arabic",558
127021514,"Edensor Park","Assyrian",1156
127021514,"Edensor Park","Vietnamese",1048
127021514,"Edensor Park","Arabic",579
127021514,"Edensor Park","Italian",555
127021514,"Edensor Park","Croatian",537
127021514,"Edensor Park","Spanish",406
127021515,"Fairfield","Assyrian",3050
127021515,"Fairfield","Arabic",2428
127021515,"Fairfield","Vietnamese",1751
127021515,"Fairfield","Spanish",753
127021515,"Fairfield","Cantonese",652
127021515,"Fairfield","Mandarin",492
127021516,"Fairfield - West","Vietnamese",2833
127021516,"Fairfield - West","Assyrian",2492
127021516,"Fairfield - West","Arabic",1644
127021516,"Fairfield - West","Spanish",850
127021516,"Fairfield - West","Khmer",555
127021516,"Fairfield - West","Cantonese",469
127021517,"Greenfield Park - Prairiewood","Assyrian",1377
127021517,"Greenfield Park - Prairiewood","Vietnamese",1021
127021517,"Greenfield Park - Prairiewood","Spanish",492
127021517,"Greenfield Park - Prairiewood","Arabic",491
127021517,"Greenfield Park - Prairiewood","Italian",329
127021517,"Greenfield Park - Prairiewood","Croatian",307
127021518,"Horsley Park - Kemps Creek","Italian",613
127021518,"Horsley Park - Kemps Creek","Maltese",242
127021518,"Horsley Park - Kemps Creek","Assyrian",124
127021518,"Horsley Park - Kemps Creek","Croatian",104
127021518,"Horsley Park - Kemps Creek","Arabic",87
127021518,"Horsley Park - Kemps Creek","Khmer",56
127021519,"Smithfield - Wetherill Park","Arabic",1547
127021519,"Smithfield - Wetherill Park","Assyrian",1432
127021519,"Smithfield - Wetherill Park","Vietnamese",1078
127021519,"Smithfield - Wetherill Park","Spanish",1035
127021519,"Smithfield - Wetherill Park","Italian",1027
127021519,"Smithfield - Wetherill Park","Croatian",316
127021520,"St Johns Park - Wakeley","Vietnamese",2008
127021520,"St Johns Park - Wakeley","Assyrian",1106
127021520,"St Johns Park - Wakeley","Cantonese",648
127021520,"St Johns Park - Wakeley","Croatian",526
127021520,"St Johns Park - Wakeley","Spanish",464
127021520,"St Johns Park - Wakeley","Arabic",462
127021521,"Wetherill Park Industrial","Vietnamese",15
127021521,"Wetherill Park Industrial","Arabic",0
127021521,"Wetherill Park Industrial","Assyrian",0
127021521,"Wetherill Park Industrial","Aboriginal",0
127021521,"Wetherill Park Industrial","Cantonese",0
127021521,"Wetherill Park Industrial","Mandarin",0
127031522,"Casula","Arabic",1542
127031522,"Casula","Hindi",699
127031522,"Casula","Italian",445
127031522,"Casula","Greek",390
127031522,"Casula","Spanish",389
127031522,"Casula","Macedonian",305
127031523,"Chipping Norton - Moorebank","Arabic",1084
127031523,"Chipping Norton - Moorebank","Greek",884
127031523,"Chipping Norton - Moorebank","Vietnamese",747
127031523,"Chipping Norton - Moorebank","Italian",483
127031523,"Chipping Norton - Moorebank","Hindi",296
127031523,"Chipping Norton - Moorebank","Cantonese",259
127031524,"Holsworthy - Wattle Grove","Arabic",628
127031524,"Holsworthy - Wattle Grove","Hindi",511
127031524,"Holsworthy - Wattle Grove","Greek",298
127031524,"Holsworthy - Wattle Grove","Tamil",284
127031524,"Holsworthy - Wattle Grove","Bengali",261
127031524,"Holsworthy - Wattle Grove","Mandarin",239
127031525,"Liverpool - Warwick Farm","Arabic",4388
127031525,"Liverpool - Warwick Farm","Serbian",2665
127031525,"Liverpool - Warwick Farm","Hindi",1271
127031525,"Liverpool - Warwick Farm","Vietnamese",1175
127031525,"Liverpool - Warwick Farm","Spanish",705
127031525,"Liverpool - Warwick Farm","Other Indian",567
127031526,"Prestons - Lurnea","Arabic",3030
127031526,"Prestons - Lurnea","Hindi",1580
127031526,"Prestons - Lurnea","Vietnamese",896
127031526,"Prestons - Lurnea","Spanish",761
127031526,"Prestons - Lurnea","Italian",557
127031526,"Prestons - Lurnea","Turkish",509
128011527,"Caringbah - Lilli Pilli","Greek",422
128011527,"Caringbah - Lilli Pilli","Italian",206
128011527,"Caringbah - Lilli Pilli","Cantonese",183
128011527,"Caringbah - Lilli Pilli","Mandarin",163
128011527,"Caringbah - Lilli Pilli","Arabic",136
128011527,"Caringbah - Lilli Pilli","Spanish",132
128011528,"Cronulla - Kurnell - Bundeena","Greek",362
128011528,"Cronulla - Kurnell - Bundeena","Italian",246
128011528,"Cronulla - Kurnell - Bundeena","Spanish",162
128011528,"Cronulla - Kurnell - Bundeena","German",151
128011528,"Cronulla - Kurnell - Bundeena","Russian",98
128011528,"Cronulla - Kurnell - Bundeena","French",92
128011529,"Gymea - Grays Point","Greek",199
128011529,"Gymea - Grays Point","Italian",141
128011529,"Gymea - Grays Point","Cantonese",133
128011529,"Gymea - Grays Point","Mandarin",92
128011529,"Gymea - Grays Point","Spanish",80
128011529,"Gymea - Grays Point","German",53
128011530,"Miranda - Yowie Bay","Greek",403
128011530,"Miranda - Yowie Bay","Italian",274
128011530,"Miranda - Yowie Bay","Mandarin",265
128011530,"Miranda - Yowie Bay","Cantonese",248
128011530,"Miranda - Yowie Bay","Arabic",174
128011530,"Miranda - Yowie Bay","Spanish",150
128011531,"Sylvania - Taren Point","Greek",1097
128011531,"Sylvania - Taren Point","Cantonese",478
128011531,"Sylvania - Taren Point","Arabic",436
128011531,"Sylvania - Taren Point","Mandarin",345
128011531,"Sylvania - Taren Point","Italian",269
128011531,"Sylvania - Taren Point","Macedonian",191
128021532,"Engadine - Loftus","Italian",134
128021532,"Engadine - Loftus","German",108
128021532,"Engadine - Loftus","Greek",103
128021532,"Engadine - Loftus","Spanish",91
128021532,"Engadine - Loftus","Arabic",72
128021532,"Engadine - Loftus","Mandarin",63
128021533,"Heathcote - Waterfall","Greek",26
128021533,"Heathcote - Waterfall","German",23
128021533,"Heathcote - Waterfall","Italian",19
128021533,"Heathcote - Waterfall","Dutch",18
128021533,"Heathcote - Waterfall","Mandarin",15
128021533,"Heathcote - Waterfall","Croatian",14
128021534,"Illawong - Alfords Point","Greek",567
128021534,"Illawong - Alfords Point","Arabic",448
128021534,"Illawong - Alfords Point","Macedonian",234
128021534,"Illawong - Alfords Point","Cantonese",212
128021534,"Illawong - Alfords Point","Italian",157
128021534,"Illawong - Alfords Point","Croatian",142
128021535,"Menai - Lucas Heights - Woronora","Greek",400
128021535,"Menai - Lucas Heights - Woronora","Arabic",327
128021535,"Menai - Lucas Heights - Woronora","Cantonese",219
128021535,"Menai - Lucas Heights - Woronora","Italian",216
128021535,"Menai - Lucas Heights - Woronora","Spanish",210
128021535,"Menai - Lucas Heights - Woronora","Macedonian",199
128021536,"Oyster Bay - Como - Jannali","Greek",330
128021536,"Oyster Bay - Como - Jannali","Mandarin",196
128021536,"Oyster Bay - Como - Jannali","Cantonese",152
128021536,"Oyster Bay - Como - Jannali","Italian",147
128021536,"Oyster Bay - Como - Jannali","German",108
128021536,"Oyster Bay - Como - Jannali","Macedonian",100
128021537,"Royal National Park","Vietnamese",3
128021537,"Royal National Park","Arabic",0
128021537,"Royal National Park","Assyrian",0
128021537,"Royal National Park","Aboriginal",0
128021537,"Royal National Park","Cantonese",0
128021537,"Royal National Park","Mandarin",0
128021538,"Sutherland - Kirrawee","Cantonese",241
128021538,"Sutherland - Kirrawee","Mandarin",206
128021538,"Sutherland - Kirrawee","Spanish",184
128021538,"Sutherland - Kirrawee","Arabic",183
128021538,"Sutherland - Kirrawee","Greek",168
128021538,"Sutherland - Kirrawee","Russian",167
